source_path,file_name,label,source_kind,char_count,word_count,token_count,unique_token_count,sentence_count
cac_khoa/khoa_cong_nghe_co_khi/dao_tao/dai_hoc/cong_nghe_che_tao_may.txt,cong_nghe_che_tao_may.txt,cac_khoa,text_file,2434.0,528.0,434.0,111.0,25.0
cac_khoa/khoa_cong_nghe_co_khi/dao_tao/dai_hoc/cong_nghe_ky_thuat_co_khi.txt,cong_nghe_ky_thuat_co_khi.txt,cac_khoa,text_file,2415.0,529.0,411.0,102.0,25.0
cac_khoa/khoa_cong_nghe_co_khi/dao_tao/sau_dai_hoc/thac_si_ky_thuat_co_khi.txt,thac_si_ky_thuat_co_khi.txt,cac_khoa,text_file,1933.0,431.0,314.0,132.0,23.0
cac_khoa/khoa_cong_nghe_co_khi/gioi_thieu/ban_lanh_dao.txt,ban_lanh_dao.txt,cac_khoa,text_file,476.0,92.0,78.0,40.0,15.0
cac_khoa/khoa_cong_nghe_co_khi/gioi_thieu/co_so_vat_chat.txt,co_so_vat_chat.txt,cac_khoa,text_file,733.0,159.0,113.0,67.0,5.0
cac_khoa/khoa_cong_nghe_co_khi/gioi_thieu/doi_ngu_giang_vien_va_nhan_vien.txt,doi_ngu_giang_vien_va_nhan_vien.txt,cac_khoa,text_file,7632.0,1569.0,1387.0,399.0,190.0
cac_khoa/khoa_cong_nghe_co_khi/gioi_thieu/gioi_thieu.txt,gioi_thieu.txt,cac_khoa,text_file,1358.0,294.0,237.0,105.0,22.0
cac_khoa/khoa_cong_nghe_co_khi/gioi_thieu/so_do_to_chuc.txt,so_do_to_chuc.txt,cac_khoa,text_file,155.0,36.0,30.0,18.0,3.0
cac_khoa/khoa_cong_nghe_co_khi/gioi_thieu/tam_nhin_su_menh_muc_tieu.txt,tam_nhin_su_menh_muc_tieu.txt,cac_khoa,text_file,1488.0,314.0,246.0,111.0,11.0
cac_khoa/khoa_cong_nghe_co_khi/gioi_thieu/thong_tin_hoat_dong_thanh_tich.txt,thong_tin_hoat_dong_thanh_tich.txt,cac_khoa,text_file,1740.0,374.0,276.0,126.0,9.0
cac_khoa/khoa_cong_nghe_dien/dao_tao/dai_hoc/cong_nghe_ky_thuat_dien.txt,cong_nghe_ky_thuat_dien.txt,cac_khoa,text_file,2564.0,537.0,421.0,179.0,24.0
cac_khoa/khoa_cong_nghe_dien/dao_tao/dai_hoc/cong_nghe_ky_thuat_dieu_khien_va_tu_dong_hoa.txt,cong_nghe_ky_thuat_dieu_khien_va_tu_dong_hoa.txt,cac_khoa,text_file,2900.0,607.0,469.0,185.0,25.0
cac_khoa/khoa_cong_nghe_dien/dao_tao/dai_hoc/cong_nghe_nang_luong_tai_tao.txt,cong_nghe_nang_luong_tai_tao.txt,cac_khoa,text_file,2872.0,593.0,455.0,187.0,24.0
cac_khoa/khoa_cong_nghe_dien/dao_tao/sau_dai_hoc/thac_si_ky_thuat_dien_nghien_cuu.txt,thac_si_ky_thuat_dien_nghien_cuu.txt,cac_khoa,text_file,2197.0,456.0,374.0,153.0,15.0
cac_khoa/khoa_cong_nghe_dien/dao_tao/sau_dai_hoc/thac_si_ky_thuat_dien_ung_dung.txt,thac_si_ky_thuat_dien_ung_dung.txt,cac_khoa,text_file,2030.0,423.0,347.0,148.0,15.0
cac_khoa/khoa_cong_nghe_dien/dao_tao/sau_dai_hoc/tien_si_ky_thuat_dien.txt,tien_si_ky_thuat_dien.txt,cac_khoa,text_file,1457.0,308.0,248.0,101.0,10.0
cac_khoa/khoa_cong_nghe_dien/gioi_thieu/ban_lanh_dao.txt,ban_lanh_dao.txt,cac_khoa,text_file,420.0,76.0,66.0,30.0,13.0
cac_khoa/khoa_cong_nghe_dien/gioi_thieu/co_so_vat_chat.txt,co_so_vat_chat.txt,cac_khoa,text_file,943.0,194.0,150.0,71.0,11.0
cac_khoa/khoa_cong_nghe_dien/gioi_thieu/doi_ngu_giang_vien_va_nhan_vien.txt,doi_ngu_giang_vien_va_nhan_vien.txt,cac_khoa,text_file,722.0,144.0,127.0,49.0,22.0
cac_khoa/khoa_cong_nghe_dien/gioi_thieu/gioi_thieu.txt,gioi_thieu.txt,cac_khoa,text_file,2775.0,584.0,453.0,176.0,32.0
cac_khoa/khoa_cong_nghe_dien/gioi_thieu/tam_nhin_su_menh_muc_tieu.txt,tam_nhin_su_menh_muc_tieu.txt,cac_khoa,text_file,636.0,130.0,112.0,65.0,6.0
cac_khoa/khoa_cong_nghe_dien/gioi_thieu/thong_tin_hoat_dong_thanh_tich.txt,thong_tin_hoat_dong_thanh_tich.txt,cac_khoa,text_file,1485.0,322.0,260.0,141.0,13.0
cac_khoa/khoa_cong_nghe_thong_tin/dao_tao/dai_hoc/cong_nghe_thong_tin.txt,cong_nghe_thong_tin.txt,cac_khoa,text_file,2154.0,432.0,349.0,144.0,27.0
cac_khoa/khoa_cong_nghe_thong_tin/dao_tao/dai_hoc/he_thong_thong_tin.txt,he_thong_thong_tin.txt,cac_khoa,text_file,1932.0,393.0,325.0,133.0,27.0
cac_khoa/khoa_cong_nghe_thong_tin/dao_tao/dai_hoc/khoa_hoc_du_lieu.txt,khoa_hoc_du_lieu.txt,cac_khoa,text_file,3392.0,712.0,551.0,203.0,35.0
cac_khoa/khoa_cong_nghe_thong_tin/dao_tao/dai_hoc/khoa_hoc_may_tinh.txt,khoa_hoc_may_tinh.txt,cac_khoa,text_file,2126.0,440.0,350.0,158.0,26.0
cac_khoa/khoa_cong_nghe_thong_tin/dao_tao/dai_hoc/ky_thuat_phan_mem.txt,ky_thuat_phan_mem.txt,cac_khoa,text_file,1564.0,335.0,255.0,127.0,15.0
cac_khoa/khoa_cong_nghe_thong_tin/dao_tao/sau_dai_hoc/thac_si_khoa_hoc_may_tinh.txt,thac_si_khoa_hoc_may_tinh.txt,cac_khoa,text_file,4484.0,942.0,735.0,241.0,38.0
cac_khoa/khoa_cong_nghe_thong_tin/dao_tao/sau_dai_hoc/tien_si_khoa_hoc_may_tinh.txt,tien_si_khoa_hoc_may_tinh.txt,cac_khoa,text_file,4493.0,935.0,744.0,232.0,42.0
cac_khoa/khoa_cong_nghe_thong_tin/gioi_thieu/ban_lanh_dao.txt,ban_lanh_dao.txt,cac_khoa,text_file,578.0,114.0,99.0,47.0,22.0
cac_khoa/khoa_cong_nghe_thong_tin/gioi_thieu/doi_ngu_giang_vien_va_nhan_vien.txt,doi_ngu_giang_vien_va_nhan_vien.txt,cac_khoa,text_file,1049.0,218.0,183.0,69.0,20.0
cac_khoa/khoa_cong_nghe_thong_tin/gioi_thieu/gioi_thieu.txt,gioi_thieu.txt,cac_khoa,text_file,2447.0,517.0,409.0,158.0,29.0
cac_khoa/khoa_cong_nghe_thong_tin/gioi_thieu/tam_nhin_su_menh_muc_tieu.txt,tam_nhin_su_menh_muc_tieu.txt,cac_khoa,text_file,645.0,140.0,109.0,67.0,6.0
cac_khoa/khoa_cong_nghe_thong_tin/gioi_thieu/thong_tin_hoat_dong_thanh_tich.txt,thong_tin_hoat_dong_thanh_tich.txt,cac_khoa,text_file,4860.0,1021.0,834.0,220.0,46.0
cac_khoa/khoa_hoc_co_ban/ban_lanh_dao.txt,ban_lanh_dao.txt,cac_khoa,text_file,253.0,54.0,34.0,19.0,6.0
cac_khoa/khoa_hoc_co_ban/doi_ngu_giang_vien_va_nhan_vien.txt,doi_ngu_giang_vien_va_nhan_vien.txt,cac_khoa,text_file,805.0,173.0,116.0,56.0,16.0
cac_khoa/khoa_hoc_co_ban/gioi_thieu.txt,gioi_thieu.txt,cac_khoa,text_file,1566.0,341.0,231.0,124.0,24.0
cac_khoa/khoa_hoc_co_ban/so_do_to_chuc.txt,so_do_to_chuc.txt,cac_khoa,text_file,424.0,85.0,63.0,33.0,15.0
cac_khoa/khoa_hoc_co_ban/tam_nhin_su_menh_muc_tieu.txt,tam_nhin_su_menh_muc_tieu.txt,cac_khoa,text_file,1184.0,246.0,180.0,113.0,12.0
cac_khoa/khoa_ly_luan_chinh_tri/ban_lanh_dao.txt,ban_lanh_dao.txt,cac_khoa,text_file,267.0,55.0,46.0,19.0,6.0
cac_khoa/khoa_ly_luan_chinh_tri/doi_ngu_giang_vien_va_nhan_vien.txt,doi_ngu_giang_vien_va_nhan_vien.txt,cac_khoa,text_file,269.0,56.0,50.0,23.0,4.0
cac_khoa/khoa_ly_luan_chinh_tri/gioi_thieu.txt,gioi_thieu.txt,cac_khoa,text_file,1358.0,283.0,227.0,106.0,21.0
cac_khoa/khoa_ly_luan_chinh_tri/tam_nhin_su_menh_muc_tieu.txt,tam_nhin_su_menh_muc_tieu.txt,cac_khoa,text_file,838.0,180.0,142.0,87.0,7.0
cac_khoa/khoa_ly_luan_chinh_tri/thong_tin_hoat_dong_thanh_tich.txt,thong_tin_hoat_dong_thanh_tich.txt,cac_khoa,text_file,1402.0,298.0,249.0,125.0,7.0
cac_khoa/khoa_ngoai_ngu/dao_tao/sau_dai_hoc/thac_si_khoa_ngoai_ngu.txt,thac_si_khoa_ngoai_ngu.txt,cac_khoa,text_file,1018.0,214.0,169.0,80.0,11.0
cac_khoa/khoa_ngoai_ngu/gioi_thieu/ban_lanh_dao.txt,ban_lanh_dao.txt,cac_khoa,text_file,235.0,47.0,38.0,17.0,6.0
cac_khoa/khoa_ngoai_ngu/gioi_thieu/doi_ngu_giang_vien_va_nhan_vien.txt,doi_ngu_giang_vien_va_nhan_vien.txt,cac_khoa,text_file,516.0,104.0,92.0,35.0,12.0
cac_khoa/khoa_ngoai_ngu/gioi_thieu/gioi_thieu.txt,gioi_thieu.txt,cac_khoa,text_file,1766.0,376.0,295.0,147.0,25.0
cac_khoa/khoa_ngoai_ngu/gioi_thieu/tam_nhin_su_menh_muc_tieu.txt,tam_nhin_su_menh_muc_tieu.txt,cac_khoa,text_file,2380.0,517.0,389.0,158.0,15.0
cac_khoa/khoa_ngoai_ngu/gioi_thieu/thong_tin_hoat_dong_thanh_tich.txt,thong_tin_hoat_dong_thanh_tich.txt,cac_khoa,text_file,1362.0,288.0,239.0,123.0,7.0
cac_khoa/khoa_quan_tri_kinh_doanh/dao_tao/dai_hoc/cu_nhan_marketing.txt,cu_nhan_marketing.txt,cac_khoa,text_file,1275.0,262.0,194.0,92.0,8.0
cac_khoa/khoa_quan_tri_kinh_doanh/dao_tao/dai_hoc/cu_nhan_quan_tri_kinh_doanh.txt,cu_nhan_quan_tri_kinh_doanh.txt,cac_khoa,text_file,2044.0,428.0,325.0,138.0,14.0
cac_khoa/khoa_quan_tri_kinh_doanh/dao_tao/sau_dai_hoc/thac_si_quan_tri_kinh_doanh.txt,thac_si_quan_tri_kinh_doanh.txt,cac_khoa,text_file,7315.0,1521.0,1162.0,269.0,65.0
cac_khoa/khoa_quan_tri_kinh_doanh/dao_tao/sau_dai_hoc/tien_si_quan_tri_kinh_doanh.txt,tien_si_quan_tri_kinh_doanh.txt,cac_khoa,text_file,1383.0,293.0,228.0,110.0,9.0
cac_khoa/khoa_quan_tri_kinh_doanh/gioi_thieu/ban_lanh_dao.txt,ban_lanh_dao.txt,cac_khoa,text_file,438.0,80.0,69.0,31.0,10.0
cac_khoa/khoa_quan_tri_kinh_doanh/gioi_thieu/doi_ngu_giang_vien_va_nhan_vien.txt,doi_ngu_giang_vien_va_nhan_vien.txt,cac_khoa,text_file,1359.0,278.0,249.0,72.0,28.0
cac_khoa/khoa_quan_tri_kinh_doanh/gioi_thieu/gioi_thieu.txt,gioi_thieu.txt,cac_khoa,text_file,1834.0,385.0,305.0,131.0,22.0
cac_khoa/khoa_quan_tri_kinh_doanh/gioi_thieu/so_do_bo_may_to_chuc.txt,so_do_bo_may_to_chuc.txt,cac_khoa,text_file,470.0,86.0,77.0,45.0,19.0
cac_khoa/khoa_quan_tri_kinh_doanh/gioi_thieu/tam_nhin_su_menh_muc_tieu.txt,tam_nhin_su_menh_muc_tieu.txt,cac_khoa,text_file,1107.0,238.0,195.0,103.0,9.0
cac_khoa/khoa_quan_tri_kinh_doanh/gioi_thieu/thong_tin_hoat_dong_thanh_tich.txt,thong_tin_hoat_dong_thanh_tich.txt,cac_khoa,text_file,3477.0,730.0,578.0,197.0,26.0
cac_trung_tam/trung_tam_giao_duc_quoc_phong_the_chat/gioi_thieu/ban_lanh_dao.txt,ban_lanh_dao.txt,cac_trung_tam,text_file,493.0,94.0,79.0,44.0,9.0
cac_trung_tam/trung_tam_giao_duc_quoc_phong_the_chat/gioi_thieu/doi_ngu_giang_vien_va_nhan_vien.txt,doi_ngu_giang_vien_va_nhan_vien.txt,cac_trung_tam,text_file,1526.0,306.0,257.0,103.0,54.0
cac_trung_tam/trung_tam_giao_duc_quoc_phong_the_chat/gioi_thieu/gioi_thieu.txt,gioi_thieu.txt,cac_trung_tam,text_file,2870.0,575.0,471.0,172.0,32.0
cac_trung_tam/trung_tam_giao_duc_quoc_phong_the_chat/gioi_thieu/so_do_bo_may_to_chuc.txt,so_do_bo_may_to_chuc.txt,cac_trung_tam,text_file,497.0,101.0,86.0,37.0,11.0
cac_trung_tam/trung_tam_giao_duc_quoc_phong_the_chat/gioi_thieu/thong_tin_hoat_dong_thanh_tich.txt,thong_tin_hoat_dong_thanh_tich.txt,cac_trung_tam,text_file,1980.0,418.0,350.0,157.0,16.0
cac_trung_tam/trung_tam_giao_duc_quoc_phong_the_chat/quy_che_trung_tam/dieu_khoan_thi_hanh.txt,dieu_khoan_thi_hanh.txt,cac_trung_tam,text_file,845.0,185.0,141.0,79.0,10.0
cac_trung_tam/trung_tam_giao_duc_quoc_phong_the_chat/quy_che_trung_tam/khen_thuong_va_xu_ly_vi_pham.txt,khen_thuong_va_xu_ly_vi_pham.txt,cac_trung_tam,text_file,916.0,194.0,158.0,63.0,11.0
cac_trung_tam/trung_tam_giao_duc_quoc_phong_the_chat/quy_che_trung_tam/mon_giao_duc_quoc_phong_an_ninh.txt,mon_giao_duc_quoc_phong_an_ninh.txt,cac_trung_tam,text_file,5390.0,1154.0,899.0,232.0,53.0
cac_trung_tam/trung_tam_giao_duc_quoc_phong_the_chat/quy_che_trung_tam/mon_giao_duc_the_chat.txt,mon_giao_duc_the_chat.txt,cac_trung_tam,text_file,4934.0,1046.0,803.0,238.0,53.0
cac_trung_tam/trung_tam_giao_duc_quoc_phong_the_chat/quy_che_trung_tam/nhiem_vu_quy_dinh.txt,nhiem_vu_quy_dinh.txt,cac_trung_tam,text_file,5143.0,1037.0,806.0,172.0,50.0
cac_trung_tam/trung_tam_ngoai_ngu/gioi_thieu.txt,gioi_thieu.txt,cac_trung_tam,text_file,2366.0,492.0,402.0,170.0,30.0
cac_trung_tam/trung_tam_ngoai_ngu/huongdan.txt,huongdan.txt,cac_trung_tam,text_file,771.0,165.0,134.0,36.0,8.0
cac_trung_tam/trung_tam_quan_tri_he_thong/co_cau_to_chuc.txt,co_cau_to_chuc.txt,cac_trung_tam,text_file,296.0,60.0,54.0,27.0,8.0
cac_trung_tam/trung_tam_quan_tri_he_thong/gioi_thieu.txt,gioi_thieu.txt,cac_trung_tam,text_file,2858.0,606.0,492.0,180.0,37.0
cac_trung_tam/trung_tam_quan_tri_he_thong/nhan_su_trung_tam.txt,nhan_su_trung_tam.txt,cac_trung_tam,text_file,2638.0,541.0,446.0,136.0,55.0
cac_trung_tam/trung_tam_quan_tri_he_thong/quy_dinh_huong_dan.txt,quy_dinh_huong_dan.txt,cac_trung_tam,text_file,2816.0,603.0,533.0,99.0,34.0
cac_trung_tam/trung_tam_thu_vien/gioi_thieu/co_so_vat_chat.txt,co_so_vat_chat.txt,cac_trung_tam,text_file,6960.0,1477.0,1191.0,309.0,63.0
cac_trung_tam/trung_tam_thu_vien/gioi_thieu/doi_ngu_nhan_su.txt,doi_ngu_nhan_su.txt,cac_trung_tam,text_file,512.0,106.0,95.0,58.0,19.0
cac_trung_tam/trung_tam_thu_vien/gioi_thieu/gioi_thieu.txt,gioi_thieu.txt,cac_trung_tam,text_file,4261.0,898.0,708.0,246.0,49.0
cac_trung_tam/trung_tam_thu_vien/gioi_thieu/huong_dan_su_dung.txt,huong_dan_su_dung.txt,cac_trung_tam,text_file,193.0,41.0,37.0,19.0,2.0
cac_trung_tam/trung_tam_thu_vien/quy_dinh_noi_quy/quy_dinh_noi_quy_kho_sach_tu_chon/dieu_1_quy_dinh_chung.txt,dieu_1_quy_dinh_chung.txt,cac_trung_tam,text_file,425.0,91.0,71.0,49.0,5.0
cac_trung_tam/trung_tam_thu_vien/quy_dinh_noi_quy/quy_dinh_noi_quy_kho_sach_tu_chon/dieu_2_muon_tra_sach_ve_nha.txt,dieu_2_muon_tra_sach_ve_nha.txt,cac_trung_tam,text_file,483.0,112.0,78.0,43.0,6.0
cac_trung_tam/trung_tam_thu_vien/quy_dinh_noi_quy/quy_dinh_noi_quy_kho_sach_tu_chon/dieu_3_muon_sach_tai_cho.txt,dieu_3_muon_sach_tai_cho.txt,cac_trung_tam,text_file,146.0,32.0,19.0,16.0,4.0
cac_trung_tam/trung_tam_thu_vien/quy_dinh_noi_quy/quy_dinh_noi_quy_kho_sach_tu_chon/dieu_4_quy_dinh_vi_pham.txt,dieu_4_quy_dinh_vi_pham.txt,cac_trung_tam,text_file,553.0,125.0,97.0,63.0,7.0
cac_trung_tam/trung_tam_thu_vien/quy_dinh_noi_quy/quy_dinh_noi_quy_kho_sach_tu_chon/tong_quan_quy_dinh_noi_quy_kho_sach_tu_chon.txt,tong_quan_quy_dinh_noi_quy_kho_sach_tu_chon.txt,cac_trung_tam,text_file,332.0,73.0,55.0,29.0,10.0
cac_trung_tam/trung_tam_thu_vien/quy_dinh_noi_quy/quy_dinh_noi_quy_phong_da_phuong_tien/dieu_1_thoi_gian_phuc_vu.txt,dieu_1_thoi_gian_phuc_vu.txt,cac_trung_tam,text_file,194.0,40.0,28.0,25.0,4.0
cac_trung_tam/trung_tam_thu_vien/quy_dinh_noi_quy/quy_dinh_noi_quy_phong_da_phuong_tien/dieu_2_doi_tuong_phuc_vu.txt,dieu_2_doi_tuong_phuc_vu.txt,cac_trung_tam,text_file,282.0,59.0,44.0,32.0,3.0
cac_trung_tam/trung_tam_thu_vien/quy_dinh_noi_quy/quy_dinh_noi_quy_phong_da_phuong_tien/dieu_3_tuan_thu_quy_dinh.txt,dieu_3_tuan_thu_quy_dinh.txt,cac_trung_tam,text_file,1625.0,344.0,249.0,143.0,21.0
cac_trung_tam/trung_tam_thu_vien/quy_dinh_noi_quy/quy_dinh_noi_quy_phong_da_phuong_tien/tong_quan_noi_quy_phong_da_phuong_tien.txt,tong_quan_noi_quy_phong_da_phuong_tien.txt,cac_trung_tam,text_file,309.0,65.0,50.0,30.0,2.0
cac_trung_tam/trung_tam_thu_vien/quy_dinh_noi_quy/quy_dinh_noi_quy_trung_tam_thu_vien/dieu_1_quy_dinh_chung.txt,dieu_1_quy_dinh_chung.txt,cac_trung_tam,text_file,1336.0,284.0,213.0,111.0,17.0
cac_trung_tam/trung_tam_thu_vien/quy_dinh_noi_quy/quy_dinh_noi_quy_trung_tam_thu_vien/dieu_2_luu_hanh_tai_lieu.txt,dieu_2_luu_hanh_tai_lieu.txt,cac_trung_tam,text_file,858.0,191.0,142.0,76.0,10.0
cac_trung_tam/trung_tam_thu_vien/quy_dinh_noi_quy/quy_dinh_noi_quy_trung_tam_thu_vien/dieu_3_truy_cap_thong_tin.txt,dieu_3_truy_cap_thong_tin.txt,cac_trung_tam,text_file,483.0,102.0,84.0,62.0,5.0
cac_trung_tam/trung_tam_thu_vien/quy_dinh_noi_quy/quy_dinh_noi_quy_trung_tam_thu_vien/tong_quan_quy_dinh_noi_quy_trung_tam_thu_vien.txt,tong_quan_quy_dinh_noi_quy_trung_tam_thu_vien.txt,cac_trung_tam,text_file,339.0,71.0,57.0,41.0,8.0
cac_trung_tam/trung_tam_thu_vien/quy_dinh_noi_quy/quy_dinh_quan_ly_bao_tri_tai_san_trang_thiet_bi/dieu_1_doi_tuong_ap_dung.txt,dieu_1_doi_tuong_ap_dung.txt,cac_trung_tam,text_file,360.0,80.0,55.0,34.0,4.0
cac_trung_tam/trung_tam_thu_vien/quy_dinh_noi_quy/quy_dinh_quan_ly_bao_tri_tai_san_trang_thiet_bi/dieu_2_phan_loai_tai_san.txt,dieu_2_phan_loai_tai_san.txt,cac_trung_tam,text_file,126.0,28.0,18.0,12.0,3.0
cac_trung_tam/trung_tam_thu_vien/quy_dinh_noi_quy/quy_dinh_quan_ly_bao_tri_tai_san_trang_thiet_bi/dieu_3_quan_ly_va_su_dung_tai_san_co_dinh.txt,dieu_3_quan_ly_va_su_dung_tai_san_co_dinh.txt,cac_trung_tam,text_file,3597.0,807.0,589.0,175.0,33.0
cac_trung_tam/trung_tam_thu_vien/quy_dinh_noi_quy/quy_dinh_quan_ly_bao_tri_tai_san_trang_thiet_bi/dieu_5_kiem_ke_tai_san.txt,dieu_5_kiem_ke_tai_san.txt,cac_trung_tam,text_file,747.0,164.0,119.0,72.0,7.0
cac_trung_tam/trung_tam_thu_vien/quy_dinh_noi_quy/quy_dinh_quan_ly_bao_tri_tai_san_trang_thiet_bi/dieu_6_bao_cao_tai_san.txt,dieu_6_bao_cao_tai_san.txt,cac_trung_tam,text_file,274.0,62.0,43.0,33.0,3.0
cac_trung_tam/trung_tam_thu_vien/quy_dinh_noi_quy/quy_dinh_quan_ly_bao_tri_tai_san_trang_thiet_bi/dieu_7_vat_lieu.txt,dieu_7_vat_lieu.txt,cac_trung_tam,text_file,437.0,96.0,73.0,48.0,6.0
cac_trung_tam/trung_tam_thu_vien/quy_dinh_noi_quy/quy_dinh_quan_ly_bao_tri_tai_san_trang_thiet_bi/dieu_8_to_chuc_thuc_hien.txt,dieu_8_to_chuc_thuc_hien.txt,cac_trung_tam,text_file,614.0,137.0,103.0,54.0,8.0
cac_trung_tam/trung_tam_thu_vien/quy_dinh_noi_quy/quy_dinh_quan_ly_bao_tri_tai_san_trang_thiet_bi/dieu_9_khen_thuong_ky_luat.txt,dieu_9_khen_thuong_ky_luat.txt,cac_trung_tam,text_file,1011.0,215.0,162.0,94.0,7.0
cac_trung_tam/trung_tam_thu_vien/quy_dinh_noi_quy/quy_dinh_quan_ly_bao_tri_tai_san_trang_thiet_bi/tong_quan_quy_dinh_quan_ly_bao_tri_tai_san_trang_thiet_bi.txt,tong_quan_quy_dinh_quan_ly_bao_tri_tai_san_trang_thiet_bi.txt,cac_trung_tam,text_file,409.0,93.0,66.0,36.0,18.0
cac_trung_tam/trung_tam_thu_vien/quy_dinh_noi_quy/quy_dinh_ve_pccc.txt,quy_dinh_ve_pccc.txt,cac_trung_tam,text_file,1974.0,432.0,319.0,160.0,22.0
cac_trung_tam/trung_tam_thu_vien/quy_dinh_noi_quy/quy_dinh_ve_viec_luu_hanh_tai_lieu/dieu_1_thoi_han_luu_hanh_tai_lieu,dieu_1_thoi_han_luu_hanh_tai_lieu,cac_trung_tam,text_file,424.0,96.0,67.0,39.0,8.0
cac_trung_tam/trung_tam_thu_vien/quy_dinh_noi_quy/quy_dinh_ve_viec_luu_hanh_tai_lieu/dieu_2_nghiep_vu_luu_hanh_tai_lieu.txt,dieu_2_nghiep_vu_luu_hanh_tai_lieu.txt,cac_trung_tam,text_file,556.0,124.0,86.0,52.0,16.0
cac_trung_tam/trung_tam_thu_vien/quy_dinh_noi_quy/quy_dinh_ve_viec_luu_hanh_tai_lieu/dieu_3_muc_tien_the_chan_sach.txt,dieu_3_muc_tien_the_chan_sach.txt,cac_trung_tam,text_file,455.0,102.0,76.0,25.0,17.0
cac_trung_tam/trung_tam_thu_vien/quy_dinh_noi_quy/quy_dinh_ve_viec_luu_hanh_tai_lieu/dieu_4_dieu_khoan_thi_hanh.txt,dieu_4_dieu_khoan_thi_hanh.txt,cac_trung_tam,text_file,318.0,70.0,49.0,41.0,4.0
cac_trung_tam/trung_tam_thu_vien/quy_dinh_noi_quy/quy_dinh_ve_viec_luu_hanh_tai_lieu/tong_quan_quy_dinh_ve_viec_luu_hanh_tai_lieu.txt,tong_quan_quy_dinh_ve_viec_luu_hanh_tai_lieu.txt,cac_trung_tam,text_file,370.0,80.0,59.0,30.0,10.0
cac_trung_tam/trung_tam_thu_vien/quy_dinh_noi_quy/quy_dinh_ve_viec_tien_the_chan_sach.txt,quy_dinh_ve_viec_tien_the_chan_sach.txt,cac_trung_tam,text_file,2570.0,561.0,446.0,121.0,35.0
cac_trung_tam/trung_tam_tin_hoc/gioi_thieu.txt,gioi_thieu.txt,cac_trung_tam,text_file,513.0,107.0,76.0,45.0,9.0
dao_tao/chuan_dau_ra_tieng_anh.txt,chuan_dau_ra_tieng_anh.txt,dao_tao,text_file,1656.0,357.0,267.0,97.0,18.0
dao_tao/noi_quy_hoc_duong/dieu_1_muc_dich.txt,dieu_1_muc_dich.txt,dao_tao,text_file,254.0,54.0,37.0,36.0,6.0
dao_tao/noi_quy_hoc_duong/dieu_2_pham_vi_dieu_chinh_va_doi_tuong_ap_dung.txt,dieu_2_pham_vi_dieu_chinh_va_doi_tuong_ap_dung.txt,dao_tao,text_file,361.0,80.0,53.0,36.0,6.0
dao_tao/noi_quy_hoc_duong/dieu_3_quy_dinh_ve_trang_phuc_va_nep_song_van_minh.txt,dieu_3_quy_dinh_ve_trang_phuc_va_nep_song_van_minh.txt,dao_tao,text_file,640.0,136.0,104.0,74.0,10.0
dao_tao/noi_quy_hoc_duong/dieu_4_gio_giac_ne_nep_hoc_tap_thi_cu.txt,dieu_4_gio_giac_ne_nep_hoc_tap_thi_cu.txt,dao_tao,text_file,1693.0,384.0,277.0,128.0,38.0
dao_tao/noi_quy_hoc_duong/dieu_5_quy_dinh_ve_the_sinh_vien.txt,dieu_5_quy_dinh_ve_the_sinh_vien.txt,dao_tao,text_file,569.0,125.0,84.0,54.0,8.0
dao_tao/noi_quy_hoc_duong/dieu_6_nhung_viec_sinh_vien_khong_duoc_lam.txt,dieu_6_nhung_viec_sinh_vien_khong_duoc_lam.txt,dao_tao,text_file,1667.0,354.0,248.0,146.0,31.0
dao_tao/noi_quy_hoc_duong/dieu_7_xu_ly_vi_pham.txt,dieu_7_xu_ly_vi_pham.txt,dao_tao,text_file,294.0,67.0,54.0,37.0,3.0
dao_tao/noi_quy_hoc_duong/dieu_8_to_chuc_thuc_hien.txt,dieu_8_to_chuc_thuc_hien.txt,dao_tao,text_file,467.0,98.0,73.0,45.0,8.0
dao_tao/noi_quy_hoc_duong/tong_quan_ve_noi_quy_hoc_duong.txt,tong_quan_ve_noi_quy_hoc_duong.txt,dao_tao,text_file,596.0,129.0,91.0,58.0,18.0
dao_tao/quy_che_dao_tao/danh_gia_hoc_phan_va_cong_nhan_ket_qua_hoc_tap/dieu_25_danh_gia_ket_qua_hoc_tap_cua_moi_hoc_phan.txt,dieu_25_danh_gia_ket_qua_hoc_tap_cua_moi_hoc_phan.txt,dao_tao,text_file,3467.0,772.0,541.0,132.0,45.0
dao_tao/quy_che_dao_tao/danh_gia_hoc_phan_va_cong_nhan_ket_qua_hoc_tap/dieu_26_quy_doi_diem_danh_gia_hoc_phan.txt,dieu_26_quy_doi_diem_danh_gia_hoc_phan.txt,dao_tao,text_file,2065.0,484.0,297.0,119.0,34.0
dao_tao/quy_che_dao_tao/danh_gia_hoc_phan_va_cong_nhan_ket_qua_hoc_tap/dieu_27_cac_tinh_diem_trung_binh_trung.txt,dieu_27_cac_tinh_diem_trung_binh_trung.txt,dao_tao,text_file,1106.0,252.0,162.0,85.0,25.0
dao_tao/quy_che_dao_tao/danh_gia_hoc_phan_va_cong_nhan_ket_qua_hoc_tap/dieu_31_cong_nhan_ket_qua_hoc_tap_va_chuyen_doi_tin_chi.txt,dieu_31_cong_nhan_ket_qua_hoc_tap_va_chuyen_doi_tin_chi.txt,dao_tao,text_file,1012.0,217.0,165.0,68.0,16.0
dao_tao/quy_che_dao_tao/lap_ke_hoach_va_to_chuc_dao_tao/dieu_10_dang_ky_khoi_luong_hoc_tap.txt,dieu_10_dang_ky_khoi_luong_hoc_tap.txt,dao_tao,text_file,2890.0,646.0,434.0,154.0,32.0
dao_tao/quy_che_dao_tao/lap_ke_hoach_va_to_chuc_dao_tao/dieu_11_rut_bot_cac_hoc_phan_dang_ky.txt,dieu_11_rut_bot_cac_hoc_phan_dang_ky.txt,dao_tao,text_file,817.0,186.0,122.0,60.0,13.0
dao_tao/quy_che_dao_tao/lap_ke_hoach_va_to_chuc_dao_tao/dieu_12_dang_ky_hoc_lai_va_hoc_cai_thien_diem.txt,dieu_12_dang_ky_hoc_lai_va_hoc_cai_thien_diem.txt,dao_tao,text_file,1049.0,243.0,151.0,72.0,13.0
dao_tao/quy_che_dao_tao/lap_ke_hoach_va_to_chuc_dao_tao/dieu_13_dang_ky_cac_hoc_phan_mo_rong.txt,dieu_13_dang_ky_cac_hoc_phan_mo_rong.txt,dao_tao,text_file,589.0,132.0,87.0,54.0,11.0
dao_tao/quy_che_dao_tao/lap_ke_hoach_va_to_chuc_dao_tao/dieu_14_xep_trinh_do_dao_tao_nam.txt,dieu_14_xep_trinh_do_dao_tao_nam.txt,dao_tao,text_file,614.0,139.0,119.0,47.0,13.0
dao_tao/quy_che_dao_tao/lap_ke_hoach_va_to_chuc_dao_tao/dieu_15_to_chuc_day_truc_tuyen.txt,dieu_15_to_chuc_day_truc_tuyen.txt,dao_tao,text_file,804.0,173.0,126.0,71.0,11.0
dao_tao/quy_che_dao_tao/nhung_quy_dinh_chung/dieu_4_cac_he_va_thoi_gian_dao_tao.txt,dieu_4_cac_he_va_thoi_gian_dao_tao.txt,dao_tao,text_file,3399.0,792.0,489.0,144.0,54.0
dao_tao/quy_che_dao_tao/nhung_quy_dinh_chung/dieu_6_hoc_phan_tin_chi.txt,dieu_6_hoc_phan_tin_chi.txt,dao_tao,text_file,4776.0,1061.0,677.0,187.0,52.0
dao_tao/quy_che_dao_tao/nhung_quy_dinh_khac_doi_voi_sinh_vien/dieu_16_nghi_hoc_co_phep.txt,dieu_16_nghi_hoc_co_phep.txt,dao_tao,text_file,467.0,104.0,74.0,53.0,6.0
dao_tao/quy_che_dao_tao/nhung_quy_dinh_khac_doi_voi_sinh_vien/dieu_17_nghi_hoc_tam_thoi.txt,dieu_17_nghi_hoc_tam_thoi.txt,dao_tao,text_file,1842.0,410.0,292.0,124.0,23.0
dao_tao/quy_che_dao_tao/nhung_quy_dinh_khac_doi_voi_sinh_vien/dieu_18_thoi_hoc.txt,dieu_18_thoi_hoc.txt,dao_tao,text_file,699.0,160.0,114.0,73.0,10.0
dao_tao/quy_che_dao_tao/nhung_quy_dinh_khac_doi_voi_sinh_vien/dieu_19_canh_bao_ket_qua_hoc_tap_va_buoc_thoi_hoc.txt,dieu_19_canh_bao_ket_qua_hoc_tap_va_buoc_thoi_hoc.txt,dao_tao,text_file,1897.0,438.0,297.0,126.0,27.0
dao_tao/quy_che_dao_tao/nhung_quy_dinh_khac_doi_voi_sinh_vien/dieu_20_chuyen_truong_chuyen_nganh_chuyen_bac_chuong_trinh_va_hinh_thuc_dao_tao_chuyen_co_so_hoc_tap.txt,dieu_20_chuyen_truong_chuyen_nganh_chuyen_bac_chuong_trinh_va_hinh_thuc_dao_tao_chuyen_co_so_hoc_tap.txt,dao_tao,text_file,5090.0,1077.0,744.0,159.0,56.0
dao_tao/quy_che_dao_tao/nhung_quy_dinh_khac_doi_voi_sinh_vien/dieu_21_hoc_cung_luc_hai_chuong_trinh.txt,dieu_21_hoc_cung_luc_hai_chuong_trinh.txt,dao_tao,text_file,1921.0,415.0,295.0,109.0,22.0
dao_tao/quy_che_dao_tao/nhung_quy_dinh_khac_doi_voi_sinh_vien/dieu_23_hoc_lien_thong_doi_voi_nguoi_co_van_bang_khac.txt,dieu_23_hoc_lien_thong_doi_voi_nguoi_co_van_bang_khac.txt,dao_tao,text_file,1249.0,266.0,193.0,78.0,13.0
dao_tao/quy_che_dao_tao/nhung_quy_dinh_khac_doi_voi_sinh_vien/dieu_24_xu_ly_vi_pham_doi_voi_sinh_vien.txt,dieu_24_xu_ly_vi_pham_doi_voi_sinh_vien.txt,dao_tao,text_file,1084.0,245.0,185.0,91.0,13.0
dao_tao/quy_che_dao_tao/tong_quan_quy_che_dao_tao.txt,tong_quan_quy_che_dao_tao.txt,dao_tao,text_file,1175.0,254.0,210.0,86.0,4.0
dao_tao/quy_che_dao_tao/xet_va_cong_nhan_tot_nghiep/dieu_33_dieu_kien_xet_tot_nghiep_va_cong_nhan_tot_nghiep.txt,dieu_33_dieu_kien_xet_tot_nghiep_va_cong_nhan_tot_nghiep.txt,dao_tao,text_file,3514.0,756.0,560.0,161.0,44.0
dao_tao/quy_che_dao_tao/xet_va_cong_nhan_tot_nghiep/dieu_35_cap_bang_tot_nghiep_va_phu_luc_van_bang_hang_tot_nghiep_va_cac_dot_xet_tot_nghiep.txt,dieu_35_cap_bang_tot_nghiep_va_phu_luc_van_bang_hang_tot_nghiep_va_cac_dot_xet_tot_nghiep.txt,dao_tao,text_file,1747.0,384.0,266.0,111.0,26.0
dao_tao/quy_che_hoat_dong_sinh_vien/khen_thuong_va_ky_luat_sv/dieu_10_muc_khen_thuong.txt,dieu_10_muc_khen_thuong.txt,dao_tao,text_file,110.0,23.0,18.0,18.0,3.0
dao_tao/quy_che_hoat_dong_sinh_vien/khen_thuong_va_ky_luat_sv/dieu_11_hinh_thuc_ky_luat_va_noi_dung_vi_pham.txt,dieu_11_hinh_thuc_ky_luat_va_noi_dung_vi_pham.txt,dao_tao,text_file,1696.0,383.0,280.0,94.0,17.0
dao_tao/quy_che_hoat_dong_sinh_vien/khen_thuong_va_ky_luat_sv/dieu_12_trinh_tu_thu_tuc_va_ho_so_xet_ky_luat_sv.txt,dieu_12_trinh_tu_thu_tuc_va_ho_so_xet_ky_luat_sv.txt,dao_tao,text_file,1415.0,322.0,233.0,86.0,25.0
dao_tao/quy_che_hoat_dong_sinh_vien/khen_thuong_va_ky_luat_sv/dieu_13_cham_dut_hieu_luc_cua_quyet_dinh_ky_luat_sv.txt,dieu_13_cham_dut_hieu_luc_cua_quyet_dinh_ky_luat_sv.txt,dao_tao,text_file,1099.0,241.0,181.0,76.0,8.0
dao_tao/quy_che_hoat_dong_sinh_vien/khen_thuong_va_ky_luat_sv/dieu_14_co_cau_to_chuc_nhiem_vu_cua_hoi_dong_khen_thuong.txt,dieu_14_co_cau_to_chuc_nhiem_vu_cua_hoi_dong_khen_thuong.txt,dao_tao,text_file,588.0,123.0,88.0,53.0,11.0
dao_tao/quy_che_hoat_dong_sinh_vien/khen_thuong_va_ky_luat_sv/dieu_15_quyen_khieu_nai_ve_khen_thuong_ky_luat.txt,dieu_15_quyen_khieu_nai_ve_khen_thuong_ky_luat.txt,dao_tao,text_file,450.0,95.0,74.0,47.0,4.0
dao_tao/quy_che_hoat_dong_sinh_vien/khen_thuong_va_ky_luat_sv/dieu_7_noi_dung_va_hinh_thuc_khen_thuong.txt,dieu_7_noi_dung_va_hinh_thuc_khen_thuong.txt,dao_tao,text_file,2313.0,497.0,382.0,137.0,36.0
dao_tao/quy_che_hoat_dong_sinh_vien/khen_thuong_va_ky_luat_sv/dieu_8_ho_so_khen_thuong.txt,dieu_8_ho_so_khen_thuong.txt,dao_tao,text_file,176.0,38.0,33.0,22.0,3.0
dao_tao/quy_che_hoat_dong_sinh_vien/khen_thuong_va_ky_luat_sv/dieu_9_trinh_tu_thu_tuc_xet_khen_thuong.txt,dieu_9_trinh_tu_thu_tuc_xet_khen_thuong.txt,dao_tao,text_file,602.0,130.0,101.0,59.0,8.0
dao_tao/quy_che_hoat_dong_sinh_vien/nhiem_vu_va_quyen_cua_sv/dieu_4_nhiem_vu_cua_sv.txt,dieu_4_nhiem_vu_cua_sv.txt,dao_tao,text_file,1872.0,404.0,295.0,132.0,24.0
dao_tao/quy_che_hoat_dong_sinh_vien/nhiem_vu_va_quyen_cua_sv/dieu_5_quyen_cua_sv.txt,dieu_5_quyen_cua_sv.txt,dao_tao,text_file,2683.0,585.0,418.0,168.0,31.0
dao_tao/quy_che_hoat_dong_sinh_vien/nhiem_vu_va_quyen_cua_sv/dieu_6_cac_hanh_vi_sv_khong_duoc_lam.txt,dieu_6_cac_hanh_vi_sv_khong_duoc_lam.txt,dao_tao,text_file,561.0,120.0,81.0,56.0,14.0
dao_tao/quy_che_hoat_dong_sinh_vien/nhung_quy_dinh_chung/dieu_1_pham_vi_dieu_chinh_va_doi_tuong_ap_dung.txt,dieu_1_pham_vi_dieu_chinh_va_doi_tuong_ap_dung.txt,dao_tao,text_file,438.0,97.0,73.0,42.0,6.0
dao_tao/quy_che_hoat_dong_sinh_vien/nhung_quy_dinh_chung/dieu_2_muc_dich.txt,dieu_2_muc_dich.txt,dao_tao,text_file,441.0,95.0,73.0,59.0,2.0
dao_tao/quy_che_hoat_dong_sinh_vien/nhung_quy_dinh_chung/dieu_3_yeu_cau.txt,dieu_3_yeu_cau.txt,dao_tao,text_file,490.0,104.0,73.0,51.0,8.0
dao_tao/quy_che_hoat_dong_sinh_vien/quy_dinh_khung_ky_luat_sv_vi_pham_quy_che.txt,quy_dinh_khung_ky_luat_sv_vi_pham_quy_che.txt,dao_tao,text_file,6343.0,1436.0,1053.0,234.0,124.0
dao_tao/quy_che_hoat_dong_sinh_vien/to_chuc_quan_ly_thuc_hien_noi_dung/dieu_16_noi_dung_cong_tac_sv.txt,dieu_16_noi_dung_cong_tac_sv.txt,dao_tao,text_file,593.0,128.0,103.0,61.0,8.0
dao_tao/quy_che_hoat_dong_sinh_vien/to_chuc_quan_ly_thuc_hien_noi_dung/dieu_17_he_thong_to_chuc_quan_ly_sv.txt,dieu_17_he_thong_to_chuc_quan_ly_sv.txt,dao_tao,text_file,239.0,52.0,44.0,25.0,3.0
dao_tao/quy_che_hoat_dong_sinh_vien/to_chuc_quan_ly_thuc_hien_noi_dung/dieu_18_trach_nhiem_cua_hieu_truong.txt,dieu_18_trach_nhiem_cua_hieu_truong.txt,dao_tao,text_file,1284.0,278.0,215.0,115.0,12.0
dao_tao/quy_che_hoat_dong_sinh_vien/to_chuc_quan_ly_thuc_hien_noi_dung/dieu_19_trach_nhiem_cua_phong_dao_tao.txt,dieu_19_trach_nhiem_cua_phong_dao_tao.txt,dao_tao,text_file,690.0,152.0,116.0,70.0,11.0
dao_tao/quy_che_hoat_dong_sinh_vien/to_chuc_quan_ly_thuc_hien_noi_dung/dieu_20_trach_nhiem_cua_phong_cong_tac_chinh_tri_va_ho_tro_sv.txt,dieu_20_trach_nhiem_cua_phong_cong_tac_chinh_tri_va_ho_tro_sv.txt,dao_tao,text_file,1945.0,422.0,319.0,143.0,28.0
dao_tao/quy_che_hoat_dong_sinh_vien/to_chuc_quan_ly_thuc_hien_noi_dung/dieu_21_trach_nhiem_cua_doan_thanh_nien_hoi_sv.txt,dieu_21_trach_nhiem_cua_doan_thanh_nien_hoi_sv.txt,dao_tao,text_file,726.0,156.0,122.0,67.0,10.0
dao_tao/quy_che_hoat_dong_sinh_vien/to_chuc_quan_ly_thuc_hien_noi_dung/dieu_22_trach_nhiem_cua_phong_to_chuc_hanh_chinh.txt,dieu_22_trach_nhiem_cua_phong_to_chuc_hanh_chinh.txt,dao_tao,text_file,379.0,79.0,58.0,42.0,8.0
dao_tao/quy_che_hoat_dong_sinh_vien/to_chuc_quan_ly_thuc_hien_noi_dung/dieu_23_trach_nhiem_cua_phong_quan_ly_ktx.txt,dieu_23_trach_nhiem_cua_phong_quan_ly_ktx.txt,dao_tao,text_file,884.0,197.0,154.0,85.0,11.0
dao_tao/quy_che_hoat_dong_sinh_vien/to_chuc_quan_ly_thuc_hien_noi_dung/dieu_24_trach_nhiem_cua_trung_tam_ket_noi_doanh_nghiep_va_gioi_thieu_viec_lam.txt,dieu_24_trach_nhiem_cua_trung_tam_ket_noi_doanh_nghiep_va_gioi_thieu_viec_lam.txt,dao_tao,text_file,363.0,78.0,58.0,38.0,6.0
dao_tao/quy_che_hoat_dong_sinh_vien/to_chuc_quan_ly_thuc_hien_noi_dung/dieu_25_trach_nhiem_cua_cac_don_vi_dao_tao.txt,dieu_25_trach_nhiem_cua_cac_don_vi_dao_tao.txt,dao_tao,text_file,625.0,131.0,102.0,62.0,10.0
dao_tao/quy_che_hoat_dong_sinh_vien/to_chuc_quan_ly_thuc_hien_noi_dung/dieu_26_trach_nhiem_cua_gvcn_lop_sv.txt,dieu_26_trach_nhiem_cua_gvcn_lop_sv.txt,dao_tao,text_file,1200.0,262.0,208.0,96.0,14.0
dao_tao/quy_che_hoat_dong_sinh_vien/to_chuc_quan_ly_thuc_hien_noi_dung/dieu_27_trach_nhiem_ban_can_su_lop_sv.txt,dieu_27_trach_nhiem_ban_can_su_lop_sv.txt,dao_tao,text_file,1594.0,344.0,242.0,102.0,19.0
dao_tao/quy_che_hoat_dong_sinh_vien/to_chuc_thuc_hien/dieu_28_to_chuc_thuc_hien.txt,dieu_28_to_chuc_thuc_hien.txt,dao_tao,text_file,460.0,100.0,76.0,52.0,6.0
dao_tao/quy_che_hoat_dong_sinh_vien/tong_quan_cong_tac_sv.txt,tong_quan_cong_tac_sv.txt,dao_tao,text_file,505.0,107.0,82.0,49.0,2.0
dao_tao/quy_dinh_ve_day_hoc_truc_tuyen/nhung_quy_dinh_chung/dieu_1_pham_vi_dieu_chinh_va_doi_tuong_ap_dung.txt,dieu_1_pham_vi_dieu_chinh_va_doi_tuong_ap_dung.txt,dao_tao,text_file,755.0,165.0,120.0,69.0,7.0
dao_tao/quy_dinh_ve_day_hoc_truc_tuyen/nhung_quy_dinh_chung/dieu_2_mot_so_dinh_nghia.txt,dieu_2_mot_so_dinh_nghia.txt,dao_tao,text_file,844.0,180.0,127.0,79.0,8.0
dao_tao/quy_dinh_ve_day_hoc_truc_tuyen/nhung_quy_dinh_chung/dieu_3_muc_dich_cua_day_hoc_truc_tuyen.txt,dieu_3_muc_dich_cua_day_hoc_truc_tuyen.txt,dao_tao,text_file,679.0,144.0,107.0,76.0,7.0
dao_tao/quy_dinh_ve_day_hoc_truc_tuyen/quyen_han_va_trach_nhiem/dieu_15_quyen_han_va_trach_nhiem_cua_nguoi_hoc_truc_tuyen.txt,dieu_15_quyen_han_va_trach_nhiem_cua_nguoi_hoc_truc_tuyen.txt,dao_tao,text_file,1888.0,402.0,292.0,144.0,25.0
dao_tao/quy_dinh_ve_day_hoc_truc_tuyen/to_chuc_quan_ly/dieu_6_danh_gia_ket_qua_hoc_tap.txt,dieu_6_danh_gia_ket_qua_hoc_tap.txt,dao_tao,text_file,1351.0,296.0,219.0,88.0,16.0
dao_tao/quy_dinh_ve_day_hoc_truc_tuyen/to_chuc_quan_ly/dieu_7_quy_dinh_tham_gia_lop_hoc_truc_tuyen.txt,dieu_7_quy_dinh_tham_gia_lop_hoc_truc_tuyen.txt,dao_tao,text_file,1632.0,353.0,246.0,122.0,18.0
dao_tao/quy_dinh_ve_day_hoc_truc_tuyen/tong_quan_so_luoc_ve_day_hoc_truc_tuyen.txt,tong_quan_so_luoc_ve_day_hoc_truc_tuyen.txt,dao_tao,text_file,476.0,102.0,80.0,53.0,2.0
dao_tao/quy_dinh_ve_giao_trinh_va_tai_lieu_tham_khao/kiem_tra_va_xu_ly_vi_pham/dieu_12_kiem_tra_va_xu_ly_vi_pham.txt,dieu_12_kiem_tra_va_xu_ly_vi_pham.txt,dao_tao,text_file,321.0,71.0,54.0,41.0,3.0
dao_tao/quy_dinh_ve_giao_trinh_va_tai_lieu_tham_khao/lua_chon_va_phe_duyet_giao_trinh_tai_lieu_tham_khao/dieu_10_quy_trinh_lua_chon_phe_duyet.txt,dieu_10_quy_trinh_lua_chon_phe_duyet.txt,dao_tao,text_file,1360.0,289.0,222.0,89.0,14.0
dao_tao/quy_dinh_ve_giao_trinh_va_tai_lieu_tham_khao/lua_chon_va_phe_duyet_giao_trinh_tai_lieu_tham_khao/dieu_11_cap_nhat.txt,dieu_11_cap_nhat.txt,dao_tao,text_file,510.0,110.0,79.0,52.0,4.0
dao_tao/quy_dinh_ve_giao_trinh_va_tai_lieu_tham_khao/lua_chon_va_phe_duyet_giao_trinh_tai_lieu_tham_khao/dieu_9_to_chuc_lua_chon_phe_duyet.txt,dieu_9_to_chuc_lua_chon_phe_duyet.txt,dao_tao,text_file,206.0,42.0,34.0,24.0,3.0
dao_tao/quy_dinh_ve_giao_trinh_va_tai_lieu_tham_khao/nhung_quy_dinh_chung/dieu_1_pham_vi_va_doi_tuong_ap_dung.txt,dieu_1_pham_vi_va_doi_tuong_ap_dung.txt,dao_tao,text_file,626.0,135.0,98.0,52.0,9.0
dao_tao/quy_dinh_ve_giao_trinh_va_tai_lieu_tham_khao/nhung_quy_dinh_chung/dieu_2_giao_trinh_tai_lieu_tham_khao_trong_nha_truong.txt,dieu_2_giao_trinh_tai_lieu_tham_khao_trong_nha_truong.txt,dao_tao,text_file,610.0,131.0,82.0,39.0,8.0
dao_tao/quy_dinh_ve_giao_trinh_va_tai_lieu_tham_khao/nhung_quy_dinh_chung/dieu_3_ngon_ngu_de_soan_giao_trinh.txt,dieu_3_ngon_ngu_de_soan_giao_trinh.txt,dao_tao,text_file,326.0,67.0,49.0,29.0,6.0
dao_tao/quy_dinh_ve_giao_trinh_va_tai_lieu_tham_khao/nhung_quy_dinh_chung/dieu_4_yeu_cau_doi_voi_giao_trinh.txt,dieu_4_yeu_cau_doi_voi_giao_trinh.txt,dao_tao,text_file,1205.0,262.0,199.0,92.0,16.0
dao_tao/quy_dinh_ve_giao_trinh_va_tai_lieu_tham_khao/nhung_quy_dinh_chung/dieu_5_yeu_cau_doi_voi_tai_lieu_tham_khao.txt,dieu_5_yeu_cau_doi_voi_tai_lieu_tham_khao.txt,dao_tao,text_file,474.0,104.0,69.0,47.0,8.0
dao_tao/quy_dinh_ve_giao_trinh_va_tai_lieu_tham_khao/nhung_quy_dinh_chung/dieu_6_su_dung_giao_trinh_tai_lieu_tham_khao.txt,dieu_6_su_dung_giao_trinh_tai_lieu_tham_khao.txt,dao_tao,text_file,729.0,157.0,99.0,57.0,9.0
dao_tao/quy_dinh_ve_giao_trinh_va_tai_lieu_tham_khao/nhung_quy_dinh_chung/dieu_7_kinh_phi_to_chuc_bien_soan.txt,dieu_7_kinh_phi_to_chuc_bien_soan.txt,dao_tao,text_file,302.0,62.0,49.0,25.0,3.0
dao_tao/quy_dinh_ve_giao_trinh_va_tai_lieu_tham_khao/nhung_quy_dinh_chung/dieu_8_to_chuc_bien_soan.txt,dieu_8_to_chuc_bien_soan.txt,dao_tao,text_file,233.0,47.0,36.0,20.0,3.0
dao_tao/quy_dinh_ve_giao_trinh_va_tai_lieu_tham_khao/to_chuc_thuc_hien/dieu_13_trach_nhiem_cua_cac_don_vi_dao_tao_va_cac_nhan_trong_nha_truong.txt,dieu_13_trach_nhiem_cua_cac_don_vi_dao_tao_va_cac_nhan_trong_nha_truong.txt,dao_tao,text_file,254.0,57.0,40.0,28.0,4.0
dao_tao/quy_dinh_ve_giao_trinh_va_tai_lieu_tham_khao/tong_quan_ve_giao_trinh_va_tai_lieu_tham_khao.txt,tong_quan_ve_giao_trinh_va_tai_lieu_tham_khao.txt,dao_tao,text_file,558.0,120.0,89.0,49.0,5.0
dao_tao/quy_dinh_xet_hoc_bong/cac_muc_hoc_bong.txt,cac_muc_hoc_bong.txt,dao_tao,text_file,1780.0,407.0,269.0,68.0,22.0
dao_tao/quy_dinh_xet_hoc_bong/can_cu_xet_hoc_bong.txt,can_cu_xet_hoc_bong.txt,dao_tao,text_file,902.0,202.0,143.0,66.0,13.0
dao_tao/quy_dinh_xet_hoc_bong/dieu_kien_duoc_xet_hoc_bong.txt,dieu_kien_duoc_xet_hoc_bong.txt,dao_tao,text_file,903.0,200.0,129.0,72.0,20.0
dao_tao/quy_dinh_xet_hoc_bong/nguyen_tac_xet_cap_hoc_bong.txt,nguyen_tac_xet_cap_hoc_bong.txt,dao_tao,text_file,679.0,144.0,107.0,48.0,6.0
dao_tao/quy_dinh_xet_hoc_bong/tong_quan_quy_dinh_xet_hoc_bong.txt,tong_quan_quy_dinh_xet_hoc_bong.txt,dao_tao,text_file,513.0,109.0,79.0,42.0,3.0
dao_tao/quy_trinh_hoc_vu/cap_bang_diem.txt,cap_bang_diem.txt,dao_tao,text_file,363.0,80.0,58.0,39.0,5.0
dao_tao/quy_trinh_hoc_vu/chinh_sua_thong_tin_1.txt,chinh_sua_thong_tin_1.txt,dao_tao,text_file,638.0,132.0,114.0,64.0,13.0
dao_tao/quy_trinh_hoc_vu/chinh_sua_thong_tin_2.txt,chinh_sua_thong_tin_2.txt,dao_tao,text_file,619.0,127.0,109.0,63.0,15.0
dao_tao/quy_trinh_hoc_vu/chuyen_diem.txt,chuyen_diem.txt,dao_tao,text_file,1188.0,243.0,201.0,109.0,22.0
dao_tao/quy_trinh_hoc_vu/xin_chuyen_bac_dao_tao.txt,xin_chuyen_bac_dao_tao.txt,dao_tao,text_file,784.0,168.0,135.0,85.0,13.0
dao_tao/quy_trinh_hoc_vu/xin_chuyen_nganh_chuyen_co_so.txt,xin_chuyen_nganh_chuyen_co_so.txt,dao_tao,text_file,1192.0,257.0,189.0,109.0,17.0
dao_tao/quy_trinh_hoc_vu/xin_chuyen_truong.txt,xin_chuyen_truong.txt,dao_tao,text_file,1494.0,305.0,216.0,114.0,24.0
dao_tao/quy_trinh_hoc_vu/xin_gia_han_hoc_tap.txt,xin_gia_han_hoc_tap.txt,dao_tao,text_file,1411.0,302.0,241.0,127.0,24.0
dao_tao/quy_trinh_hoc_vu/xin_nghi_hoc_tam_thoi.txt,xin_nghi_hoc_tam_thoi.txt,dao_tao,text_file,1301.0,286.0,213.0,127.0,17.0
dao_tao/quy_trinh_hoc_vu/xin_nhap_hoc_tro_lai.txt,xin_nhap_hoc_tro_lai.txt,dao_tao,text_file,803.0,171.0,139.0,79.0,13.0
dao_tao/quy_trinh_hoc_vu/xin_thoi_hoc.txt,xin_thoi_hoc.txt,dao_tao,text_file,719.0,156.0,124.0,83.0,12.0
dao_tao/thoi_gian_dao_tao.txt,thoi_gian_dao_tao.txt,dao_tao,text_file,1458.0,405.0,228.0,66.0,41.0
dao_tao/to_chuc_dao_tao/chuyen_truong_chuyen_nganh/dieu_17_chuyen_truong_chuyen_nganh_chuyen_he_dao_tao.txt,dieu_17_chuyen_truong_chuyen_nganh_chuyen_he_dao_tao.txt,dao_tao,text_file,2587.0,535.0,351.0,133.0,32.0
dao_tao/to_chuc_dao_tao/dang_ky_nhap_hoc/dieu_6_dang_ky_hoc_tap.txt,dieu_6_dang_ky_hoc_tap.txt,dao_tao,text_file,893.0,197.0,142.0,86.0,12.0
dao_tao/to_chuc_dao_tao/dang_ky_va_rut_bot_hoc_phan/dieu_10_rut_bot_hoc_phan_dang_ky.txt,dieu_10_rut_bot_hoc_phan_dang_ky.txt,dao_tao,text_file,775.0,174.0,113.0,61.0,8.0
dao_tao/to_chuc_dao_tao/dang_ky_va_rut_bot_hoc_phan/dieu_11_dang_ky_hoc_lai_va_cai_thien_diem.txt,dieu_11_dang_ky_hoc_lai_va_cai_thien_diem.txt,dao_tao,text_file,1051.0,243.0,145.0,79.0,11.0
dao_tao/to_chuc_dao_tao/dang_ky_va_rut_bot_hoc_phan/dieu_12_dang_ky_cac_hoc_phan_mo_rong.txt,dieu_12_dang_ky_cac_hoc_phan_mo_rong.txt,dao_tao,text_file,500.0,112.0,73.0,54.0,6.0
dao_tao/to_chuc_dao_tao/dang_ky_va_rut_bot_hoc_phan/dieu_9_dang_ky_khoi_luong_hoc_tap.txt,dieu_9_dang_ky_khoi_luong_hoc_tap.txt,dao_tao,text_file,2816.0,631.0,423.0,152.0,24.0
dao_tao/to_chuc_dao_tao/hoc_cung_luc_2_chuong_trinh_dao_tao/dieu_18_hoc_cung_luc_hai_chuong_trinh.txt,dieu_18_hoc_cung_luc_hai_chuong_trinh.txt,dao_tao,text_file,1488.0,317.0,228.0,94.0,19.0
dao_tao/to_chuc_dao_tao/tam_ngung_hoc_bao_luu/dieu_13_nghi_om.txt,dieu_13_nghi_om.txt,dao_tao,text_file,446.0,98.0,71.0,60.0,5.0
dao_tao/to_chuc_dao_tao/tam_ngung_hoc_bao_luu/dieu_15_nghi_hoc_tam_thoi.txt,dieu_15_nghi_hoc_tam_thoi.txt,dao_tao,text_file,997.0,219.0,159.0,99.0,13.0
dao_tao/to_chuc_dao_tao/tam_ngung_hoc_bao_luu/dieu_16_canh_bao_ket_qua_hoc_tap_va_buoc_thoi_hoc.txt,dieu_16_canh_bao_ket_qua_hoc_tap_va_buoc_thoi_hoc.txt,dao_tao,text_file,1787.0,410.0,270.0,117.0,21.0
dao_tao/to_chuc_dao_tao/to_chuc_lop_hoc/dieu_3_hoc_phan_tin_chi.txt,dieu_3_hoc_phan_tin_chi.txt,dao_tao,text_file,4793.0,1062.0,673.0,188.0,42.0
dao_tao/to_chuc_dao_tao/xep_nam_dao_tao_va_hoc_luc/dieu_14_xep_hang_nam_dao_tao_va_hoc_luc.txt,dieu_14_xep_hang_nam_dao_tao_va_hoc_luc.txt,dao_tao,text_file,874.0,194.0,159.0,62.0,13.0
dao_tao/to_chuc_dao_tao/xep_nam_dao_tao_va_hoc_luc/dieu_23_diem_danh_gia_hoc_phan.txt,dieu_23_diem_danh_gia_hoc_phan.txt,dao_tao,text_file,1890.0,447.0,269.0,115.0,29.0
dao_tao/to_chuc_dao_tao/xep_nam_dao_tao_va_hoc_luc/dieu_24_cach_tinh_diem_trung_binh_chung.txt,dieu_24_cach_tinh_diem_trung_binh_chung.txt,dao_tao,text_file,1092.0,250.0,164.0,78.0,23.0
tong_quan_ve_truong/ba_cong_khai.txt,ba_cong_khai.txt,tong_quan_ve_truong,text_file,210.0,44.0,35.0,19.0,2.0
tong_quan_ve_truong/ban_lanh_dao.txt,ban_lanh_dao.txt,tong_quan_ve_truong,text_file,895.0,175.0,135.0,59.0,33.0
tong_quan_ve_truong/chinh_sach_chat_luong.txt,chinh_sach_chat_luong.txt,tong_quan_ve_truong,text_file,1309.0,281.0,218.0,138.0,7.0
tong_quan_ve_truong/co_so_vat_chat.txt,co_so_vat_chat.txt,tong_quan_ve_truong,text_file,1583.0,337.0,248.0,119.0,17.0
tong_quan_ve_truong/doi_ngu_can_bo.txt,doi_ngu_can_bo.txt,tong_quan_ve_truong,text_file,1220.0,267.0,189.0,105.0,8.0
tong_quan_ve_truong/gia_tri_cot_loi.txt,gia_tri_cot_loi.txt,tong_quan_ve_truong,text_file,1282.0,280.0,208.0,119.0,7.0
tong_quan_ve_truong/gioi_thieu_chung.txt,gioi_thieu_chung.txt,tong_quan_ve_truong,text_file,4377.0,930.0,742.0,234.0,67.0
tong_quan_ve_truong/he_thong_nhan_dien.txt,he_thong_nhan_dien.txt,tong_quan_ve_truong,text_file,617.0,116.0,96.0,44.0,8.0
tong_quan_ve_truong/phuong_cham_hoat_dong.txt,phuong_cham_hoat_dong.txt,tong_quan_ve_truong,text_file,977.0,205.0,157.0,95.0,7.0
tong_quan_ve_truong/so_do_bo_may_to_chuc.txt,so_do_bo_may_to_chuc.txt,tong_quan_ve_truong,text_file,1363.0,253.0,207.0,91.0,47.0
tong_quan_ve_truong/tam_nhin_su_mang_muc_tieu_chien_luoc.txt,tam_nhin_su_mang_muc_tieu_chien_luoc.txt,tong_quan_ve_truong,text_file,4871.0,1029.0,816.0,220.0,23.0
tong_quan_ve_truong/triet_ly_giao_duc.txt,triet_ly_giao_duc.txt,tong_quan_ve_truong,text_file,3486.0,751.0,544.0,210.0,28.0
tuyen_sinh/thong_tin_tuyen_sinh/diem_trung_tuyen/diem_chuan_iuh_2023.txt,diem_chuan_iuh_2023.txt,tuyen_sinh,text_file,6904.0,1347.0,1206.0,265.0,80.0
tuyen_sinh/thong_tin_tuyen_sinh/diem_trung_tuyen/diem_chuan_iuh_2024.txt,diem_chuan_iuh_2024.txt,tuyen_sinh,text_file,6114.0,1203.0,1075.0,258.0,74.0
tuyen_sinh/thong_tin_tuyen_sinh/diem_trung_tuyen/diem_chuan_iuh_2025.txt,diem_chuan_iuh_2025.txt,tuyen_sinh,text_file,5908.0,1160.0,1036.0,251.0,78.0
tuyen_sinh/thong_tin_tuyen_sinh/diem_trung_tuyen/su_dung_ket_qua_hoc_tap_thpt_lop_12_ma_phuong_thuc_100.txt,su_dung_ket_qua_hoc_tap_thpt_lop_12_ma_phuong_thuc_100.txt,tuyen_sinh,text_file,3372.0,860.0,738.0,225.0,63.0
tuyen_sinh/thong_tin_tuyen_sinh/diem_trung_tuyen/su_dung_ket_qua_hoc_tap_thpt_lop_12_ma_phuong_thuc_200.txt,su_dung_ket_qua_hoc_tap_thpt_lop_12_ma_phuong_thuc_200.txt,tuyen_sinh,text_file,3365.0,862.0,740.0,229.0,63.0
tuyen_sinh/thong_tin_tuyen_sinh/diem_trung_tuyen/su_dung_ket_qua_thi_danh_gia_nang_luc_ma_phuong_thuc_401.txt,su_dung_ket_qua_thi_danh_gia_nang_luc_ma_phuong_thuc_401.txt,tuyen_sinh,text_file,2335.0,624.0,428.0,157.0,61.0
tuyen_sinh/thong_tin_tuyen_sinh/dieu_kien_dam_bao_chat_luong.txt,dieu_kien_dam_bao_chat_luong.txt,tuyen_sinh,text_file,7296.0,1844.0,1175.0,299.0,146.0
tuyen_sinh/thong_tin_tuyen_sinh/thong_tin_danh_muc_nganh_duoc_phep_dao_tao.txt,thong_tin_danh_muc_nganh_duoc_phep_dao_tao.txt,tuyen_sinh,text_file,5405.0,1219.0,1056.0,266.0,62.0
tuyen_sinh/thong_tin_tuyen_sinh/thong_tin_ve_tuyen_sinh_chinh_quy_2_nam_gan_nhat.txt,thong_tin_ve_tuyen_sinh_chinh_quy_2_nam_gan_nhat.txt,tuyen_sinh,text_file,5763.0,1274.0,1034.0,105.0,16.0
tuyen_sinh/thong_tin_tuyen_sinh/tinh_hinh_viec_lam_cua_sinh_vien_sau_khi_tot_nghiep.txt,tinh_hinh_viec_lam_cua_sinh_vien_sau_khi_tot_nghiep.txt,tuyen_sinh,text_file,2871.0,716.0,511.0,238.0,53.0
tuyen_sinh/tuyen_sinh_dai_hoc_chinh_quy/chi_tieu_tuyen_sinh/chi_tieu_tuyen_sinh_du_kien.txt,chi_tieu_tuyen_sinh_du_kien.txt,tuyen_sinh,text_file,8181.0,1745.0,1376.0,254.0,86.0
tuyen_sinh/tuyen_sinh_dai_hoc_chinh_quy/chi_tieu_tuyen_sinh/chi_tieu_tuyen_sinh_du_kien_theo_ket_qua_danh_gia_nang_luc.txt,chi_tieu_tuyen_sinh_du_kien_theo_ket_qua_danh_gia_nang_luc.txt,tuyen_sinh,text_file,7830.0,1722.0,1542.0,252.0,76.0
tuyen_sinh/tuyen_sinh_dai_hoc_chinh_quy/chi_tieu_tuyen_sinh/chi_tieu_tuyen_sinh_du_kien_theo_ket_qua_thpt.txt,chi_tieu_tuyen_sinh_du_kien_theo_ket_qua_thpt.txt,tuyen_sinh,text_file,9549.0,2090.0,1849.0,277.0,77.0
tuyen_sinh/tuyen_sinh_dai_hoc_chinh_quy/chi_tieu_tuyen_sinh/chi_tieu_tuyen_sinh_du_kien_theo_phuong_thuc_xet_tuyen_thang.txt,chi_tieu_tuyen_sinh_du_kien_theo_phuong_thuc_xet_tuyen_thang.txt,tuyen_sinh,text_file,9833.0,2101.0,1776.0,262.0,77.0
tuyen_sinh/tuyen_sinh_dai_hoc_chinh_quy/chi_tieu_tuyen_sinh/thong_tin_tuyen_sinh_nganh_dac_thu.txt,thong_tin_tuyen_sinh_nganh_dac_thu.txt,tuyen_sinh,text_file,4886.0,1038.0,915.0,211.0,59.0
tuyen_sinh/tuyen_sinh_dai_hoc_chinh_quy/phuong_thuc_xet_tuyen/xet_tuyen_su_dung_ket_qua_hoc_tap_nam_lop_12.txt,xet_tuyen_su_dung_ket_qua_hoc_tap_nam_lop_12.txt,tuyen_sinh,text_file,721.0,162.0,127.0,66.0,4.0
tuyen_sinh/tuyen_sinh_dai_hoc_chinh_quy/phuong_thuc_xet_tuyen/xet_tuyen_su_dung_ket_qua_thi_danh_gia_nang_luc.txt,xet_tuyen_su_dung_ket_qua_thi_danh_gia_nang_luc.txt,tuyen_sinh,text_file,433.0,97.0,79.0,45.0,3.0
tuyen_sinh/tuyen_sinh_dai_hoc_chinh_quy/phuong_thuc_xet_tuyen/xet_tuyen_su_dung_ket_qua_thi_thpt.txt,xet_tuyen_su_dung_ket_qua_thi_thpt.txt,tuyen_sinh,text_file,359.0,77.0,63.0,38.0,3.0
tuyen_sinh/tuyen_sinh_dai_hoc_chinh_quy/phuong_thuc_xet_tuyen/xet_tuyen_thang.txt,xet_tuyen_thang.txt,tuyen_sinh,text_file,3275.0,718.0,578.0,107.0,35.0
tuyen_sinh/tuyen_sinh_dai_hoc_chinh_quy/tuyen_sinh_chinh_quy_dai_hoc.txt,tuyen_sinh_chinh_quy_dai_hoc.txt,tuyen_sinh,text_file,1276.0,271.0,218.0,94.0,18.0
tuyen_sinh/tuyen_sinh_dao_tao_vua_lam_vua_hoc/tuyen_sinh_dai_hoc_van_bang_2_vua_lam_vua_hoc.txt,tuyen_sinh_dai_hoc_van_bang_2_vua_lam_vua_hoc.txt,tuyen_sinh,text_file,2419.0,544.0,387.0,149.0,25.0
tuyen_sinh/tuyen_sinh_dao_tao_vua_lam_vua_hoc/tuyen_sinh_dao_tao_dai_hoc_cao_dang_vua_lam_vua_hoc.txt,tuyen_sinh_dao_tao_dai_hoc_cao_dang_vua_lam_vua_hoc.txt,tuyen_sinh,text_file,5537.0,1231.0,973.0,211.0,41.0
faq/faq_data.csv,faq_data.csv,faq,faq_csv,,,,,
